create database order_directory;
CREATE TABLE IF NOT EXISTS supplier (
SUPP_ID int  primary key,
SUPP_NAME varchar(50) NOT NULL,
SUPP_CITY varchar(50),
SUPP_PHONE varchar(10)NOT NULL
);

CREATE TABLE IF NOT EXISTS customer(
CUS_ID INT NOT NULL,
CUS_NAME VARCHAR (20) NOT NULL,
CUS_PHONE VARCHAR(10)NOT NULL,
CUS_CITY VARCHAR(30) NOT NULL,

CUS_GENDER CHAR,
PRIMARY KEY(CUS_ID));

CREATE TABLE IF NOT EXISTS category(
CAT_ID INT NOT NULL,
CAT_NAME VARCHAR (20) NOT NULL,
PRIMARY KEY (CAT_ID)
);

CREATE TABLE IF NOT EXISTs product(
PRO_ID INT NOT NULL, 
PRO_NAME VARCHAR(20) NOT NULL DEFAULT 'DUMMY',
PRO_DESC VARCHAR(60),
CAT_ID INT NOT NULL,
 PRIMARY KEY (PRO_ID),
 FOREIGN KEY(CAT_ID) REFERENCEs CATEGORY(CAT_IDproduct)
 );

 CREATE TABLE IF NOT EXISTs supplier_pricing(
PRICING_ID INT NOT NULL, 
PRO_ID INT  NOT NULL,
SUPP_ID INT NOT NULL,
SUPP_PRICE INT DEFAULT 0,
 PRIMARY KEY (PRICING_ID),
 FOREIGN KEY(PRO_ID) REFERENCEs PRODUCT (PRO_ID),
 FOREIGN KEY(SUPP_ID) REFERENCEs SUPPLIER (SUPP_ID)
 );
 CREATE TABLE IF NOT EXISTs `order`(
ORD_ID INT NOT NULL, 
ORD_AMOUNT INT  NOT NULL,
ORD_DATE DATE,

CUS_ID INT NOT NULL,
PRICING_ID INT NOT NULL,
PRIMARY KEY (ORD_ID),
FOREIGN KEY(CUS_ID) REFERENCES CUSTOMER (CUS_ID),
FOREIGN KEY(PRICING_ID) REFERENCES SUPPLIER_PRICING(PRICING_ID)
);
 
 CREATE TABLE IF NOT EXISTs rating(
RAT_ID INT NOT NULL, 
ORD_ID INT  NOT NULL,
RAT_RATSTAR INT NOT NULL,
 PRIMARY KEY (RAT_ID),
 FOREIGN KEY(ORD_ID) REFERENCEs `order`(ORD_ID)
  );
  INSERT INTO SUPPLIER VALUES (1,"RAJESH RETAILS","DELHI",'1234567890');
  INSERT INTO SUPPLIER VALUES (2,"APPARIO LTD.","MUMBAI",'2589641470');
  INSERT INTO SUPPLIER VALUES (3,"KNOME PRODUCTS","BANGLORE",'9785462315');
  INSERT INTO SUPPLIER VALUES (4,"BANSAL RETAILS","KOCHI",'8975463285');
  INSERT INTO SUPPLIER VALUES (5,"MITTAL LTD.","LUCKNOW",'7898456532');
  
  INSERT INTO CUSTOMER VALUES (1,"AAKASH",'9999999999',"DELHI",'M');
  INSERT INTO CUSTOMER VALUES (2,"AMAN",'9785463215', "NOIDA", 'M');
  INSERT INTO CUSTOMER VALUES (3,"NEHA",'9994562399',"KOLKATA",'F');
  INSERT INTO CUSTOMER VALUES (4,"MEGHA",'999999999',"MUMBAI",'F');
  INSERT INTO CUSTOMER VALUES (5,"PULKIT",'7895999999',"LUCKNOW"'M');
  
  INSERT INTO CATEGORY VALUES (1,"BOOKS");
  INSERT INTO CATEGORY VALUES (2,"GAMES");
  INSERT INTO CATEGORY VALUES (3,"GROCERIES");
  INSERT INTO CATEGORY VALUES (4,"ELECTRONICS");
  INSERT INTO CATEGORY VALUES (5,"CLOTHES");
  
  INSERT INTO PRODUCT VALUES (1,"GTA V","WINDOWS 7 AND ABOVE WITH I5 PROCESSOR AND 8GB RAM",2);
 INSERT INTO PRODUCT VALUES (2,"TSHIRT SIZE L","WINDOWS 7 AND ABOVE WITH I5 PROCESSOR AND 8GB RAM",2);
INSERT INTO PRODUCT VALUES (3,"HARRYPOTTER","WINDOWS 7 AND ABOVE WITH I5 PROCESSOR AND 8GB RAM",2);
INSERT INTO PRODUCT VALUES (4,"ROG","WINDOWS 7 AND ABOVE WITH I5 PROCESSOR AND 8GB RAM",2);
INSERT INTO PRODUCT VALUES (5,"OATS V","WINDOWS 7 AND ABOVE WITH I5 PROCESSOR AND 8GB RAM",2);
INSERT INTO PRODUCT VALUES (6,"TA V","WINDOWS 7 AND ABOVE WITH I5 PROCESSOR AND 8GB RAM",2);
INSERT INTO PRODUCT VALUES (7,"GANGA V","WINDOWS 7 AND ABOVE WITH I5 PROCESSOR AND 8GB RAM",2);
 INSERT INTO PRODUCT VALUES (8," V","WINDOWS 7 AND ABOVE WITH I5 PROCESSOR AND 8GB RAM",2);
  INSERT INTO PRODUCT VALUES (9,"ROG V","WINDOWS 7 AND ABOVE WITH I5 PROCESSOR AND 8GB RAM",2);
  INSERT INTO PRODUCT VALUES (10, "JEANS ","WINDOWS 7 AND ABOVE WITH I5 PROCESSOR AND 8GB RAM",2);
  INSERT INTO PRODUCT VALUES (11,"BOAT","WINDOWS 7 AND ABOVE WITH I5 PROCESSOR AND 8GB RAM",2);
 INSERT INTO PRODUCT VALUES (12,"HOODIEV","WINDOWS 7 AND ABOVE WITH I5 PROCESSOR AND 8GB RAM",2);
 
 INSERT INTO SUPPLIER_PRICING VALUES (1,1,2,1500);
 INSERT INTO SUPPLIER_PRICING VALUES (2,3,5,3000);
 INSERT INTO SUPPLIER_PRICING VALUES (3,5,1,3000);
 INSERT INTO SUPPLIER_PRICING VALUES (4,2,3,2500);
 INSERT INTO SUPPLIER_PRICING VALUES (5,4,1,1000);
 INSERT INTO SUPPLIER_PRICING VALUES (6,12,2,780);
 INSERT INTO SUPPLIER_PRICING VALUES (7,12,4,789);
 INSERT INTO SUPPLIER_PRICING VALUES (8,3,1,3100);
 INSERT INTO SUPPLIER_PRICING VALUES (9,1,5,1450);
 INSERT INTO SUPPLIER_PRICING VALUES (10,4,2,999);
 INSERT INTO SUPPLIER_PRICING VALUES (11,7,3,549);
 INSERT INTO SUPPLIER_PRICING VALUES (12,7,4,520);
 INSERT INTO SUPPLIER_PRICING VALUES (13,6,2,150);
 INSERT INTO SUPPLIER_PRICING VALUES (14,6,1,99);
 INSERT INTO SUPPLIER_PRICING VALUES (15,2,5,2999);
 INSERT INTO SUPPLIER_PRICING VALUES (16,5,2,2999);
 


 







